<?xml version="1.0" encoding="utf-8"?>
<extension type="component" version="3.0" >
	<name>CMS2CMS Connector</name>
	<menu>CMS2CMS Connector</menu>
	<!-- The following elements are optional and free of formatting conttraints -->
	<creationDate>2017-24-03</creationDate>
	<author>CMS2CMS</author>
	<authorEmail>contact@cms2cms.com</authorEmail>
	<authorUrl>http://www.cms2cms.com</authorUrl>
	<copyright>CMS2CMS Copyright</copyright>
	<license>GNU/GPLv3 http://www.gnu.org/licenses/gpl-3.0.html</license>
	<!--  The version string is recorded in the components table -->
	<version>2.00</version>
	<!-- The description is optional and defaults to the name -->
	<description>CMS2CMS Connector</description>
	<scriptfile>file.script.php</scriptfile>
    <install>
        <sql>
            <file driver="mysql" charset="utf8">install/install.sql</file>
        </sql>
    </install>
    <uninstall>
        <sql>
            <file driver="mysql" charset="utf8">install/uninstall.sql</file>
        </sql>
    </uninstall>

	<files folder="site">
		<filename>cms2cmsconnector.php</filename>
		<filename>index.html</filename>
	</files>

	<administration>
		<!-- Administration Menu Section -->
		<menu link="index.php?option=com_cms2cmsconnector">COM_CMS2CMSCONNECTOR</menu>

		<!-- Administration Main File Copy Section -->
		<files folder="admin">
			<folder>install</folder>
			<filename>cms2cmsconnector.php</filename>
			<filename>controller.php</filename>
			<filename>data.php</filename>
			<filename>file.script.php</filename>
			<filename>index.html</filename>
			<filename>view.php</filename>
			<filename>cms2cms-bridge-loader.php</filename>
			<filename>css/cms2cms.css</filename>
			<filename>js/cms2cms.js</filename>
			<filename>js/jsonp.js</filename>
			<filename>img/wpspin_light.gif</filename>
			<filename>img/assisted.png</filename>
			<filename>img/cms2cms-logo.png</filename>
			<filename>img/cms2cms-packages.png</filename>
			<filename>img/cms2cms-steps-icons.png</filename>
			<filename>img/cms2cms-support.jpg</filename>
			<filename>img/package.png</filename>
			<filename>views/index.html</filename>
			<filename>views/cms/index.html</filename>
			<filename>views/cms/view.html.php</filename>
			<filename>views/cms/tmpl/default.php</filename>
			<filename>views/cms/tmpl/index.html</filename>
		</files>
		<languages folder="admin">
			<language tag="en-GB">language/en-GB/en-GB.com_cms2cmsconnector.ini</language>
			<language tag="en-GB">language/en-GB/en-GB.com_cms2cmsconnector.sys.ini</language>
		</languages>
	</administration>
	<updateservers>
		<server type="extension" priority="1" name="CMSCMS Update Site">http://www.cms2cms.com/files/joomla/cms2cmsconnector/cms2cmsconnector.xml</server>
	</updateservers>
</extension>
