{
  "version": 1,
  "serviceConfiguration": {
    "apiName": "smackeddobbieadmin",
    "serviceName": "AppSync",
    "gqlSchemaPath": "/tmp/amplify-b978eb74-98d0-48ea-8faf-720f3d5940cf/amplify/backend/api/smackeddobbieadmin/schema.graphql",
    "defaultAuthType": {
      "mode": "API_KEY",
      "keyDescription": "api key description",
      "expirationTime": 30
    },
    "additionalAuthTypes": [
      {
        "mode": "AWS_IAM"
      },
      {
        "mode": "AMAZON_COGNITO_USER_POOLS",
        "cognitoUserPoolId": "authsmackeddobbieadmin87364adf"
      }
    ],
    "conflictResolution": {
      "defaultResolutionStrategy": {
        "type": "AUTOMERGE"
      }
    }
  }
}