{
  "providers": {
    "awscloudformation": {
      "AuthRoleName": "amplify-smackeddobbieadmin-budman-214854-authRole",
      "UnauthRoleArn": "arn:aws:iam::396092114717:role/amplify-smackeddobbieadmin-budman-214854-unauthRole",
      "AuthRoleArn": "arn:aws:iam::396092114717:role/amplify-smackeddobbieadmin-budman-214854-authRole",
      "Region": "us-east-1",
      "DeploymentBucketName": "amplify-smackeddobbieadmin-budman-214854-deployment",
      "UnauthRoleName": "amplify-smackeddobbieadmin-budman-214854-unauthRole",
      "StackName": "amplify-smackeddobbieadmin-budman-214854",
      "StackId": "arn:aws:cloudformation:us-east-1:396092114717:stack/amplify-smackeddobbieadmin-budman-214854/4fb83c00-f104-11ec-93ab-0a93246b8fa3",
      "AmplifyAppId": "d1u8o2z4nigaxi"
    }
  },
  "auth": {
    "smackeddobbieadmin87364adf": {
      "service": "Cognito",
      "providerPlugin": "awscloudformation",
      "dependsOn": [],
      "customAuth": false,
      "frontendAuthConfig": {
        "socialProviders": [],
        "usernameAttributes": [],
        "signupAttributes": [
          "EMAIL"
        ],
        "passwordProtectionSettings": {
          "passwordPolicyMinLength": 8,
          "passwordPolicyCharacters": []
        },
        "mfaConfiguration": "OFF",
        "mfaTypes": [
          "SMS"
        ],
        "verificationMechanisms": [
          "EMAIL"
        ]
      },
      "output": {
        "UserPoolId": "us-east-1_da1gvOdAy",
        "AppClientIDWeb": "136ga9dehrbk22aqgcc7dbgjb7",
        "AppClientID": "7mblk6kq9mngakla6mirsrj899",
        "IdentityPoolId": "us-east-1:3127bd5c-d4b6-42a5-a782-8253e6d74856",
        "UserPoolArn": "arn:aws:cognito-idp:us-east-1:396092114717:userpool/us-east-1_da1gvOdAy",
        "IdentityPoolName": "smackeddobbieadmin87364adf_identitypool_87364adf__budman",
        "UserPoolName": "smackeddobbieadmin87364adf_userpool_87364adf"
      },
      "lastPushTimeStamp": "2022-06-24T03:09:37.959Z",
      "providerMetadata": {
        "s3TemplateURL": "https://s3.amazonaws.com/amplify-smackeddobbieadmin-budman-214854-deployment/amplify-cfn-templates/auth/smackeddobbieadmin87364adf-cloudformation-template.json",
        "logicalId": "authsmackeddobbieadmin87364adf"
      }
    }
  },
  "api": {
    "smackeddobbieadmin": {
      "service": "AppSync",
      "providerPlugin": "awscloudformation",
      "dependsOn": [
        {
          "category": "auth",
          "resourceName": "smackeddobbieadmin87364adf",
          "attributes": [
            "UserPoolId"
          ]
        }
      ],
      "output": {
        "authConfig": {
          "defaultAuthentication": {
            "authenticationType": "API_KEY",
            "apiKeyConfig": {
              "apiKeyExpirationDays": 30,
              "description": "api key description"
            }
          },
          "additionalAuthenticationProviders": [
            {
              "authenticationType": "AWS_IAM"
            },
            {
              "authenticationType": "AMAZON_COGNITO_USER_POOLS",
              "userPoolConfig": {
                "userPoolId": "authsmackeddobbieadmin87364adf"
              }
            }
          ]
        },
        "GraphQLAPIIdOutput": "eg3ocu6lojgahco5y7ljgjtm3u",
        "GraphQLAPIEndpointOutput": "https://37gmky2jibfv5bln2biwhllsje.appsync-api.us-east-1.amazonaws.com/graphql",
        "GraphQLAPIKeyOutput": "da2-morjgtoi4ranfc6sgv6vbepoxi"
      },
      "lastPushTimeStamp": "2022-06-24T03:25:45.778Z",
      "providerMetadata": {
        "s3TemplateURL": "https://s3.amazonaws.com/amplify-smackeddobbieadmin-budman-214854-deployment/amplify-cfn-templates/api/cloudformation-template.json",
        "logicalId": "apismackeddobbieadmin"
      },
      "lastPushDirHash": "0fqp1e3sPVctjhbFuHzfm80El6c="
    }
  },
  "function": {
    "ProcessPayment": {
      "build": true,
      "providerPlugin": "awscloudformation",
      "service": "Lambda",
      "output": {
        "Region": "us-east-1",
        "Arn": "arn:aws:lambda:us-east-1:396092114717:function:ProcessPayment-budman",
        "Name": "ProcessPayment-budman",
        "LambdaExecutionRole": "smackeddobbieadminLambdaRole5fe40cf2-budman"
      },
      "lastPushTimeStamp": "2022-06-24T03:09:37.981Z",
      "providerMetadata": {
        "s3TemplateURL": "https://s3.amazonaws.com/amplify-smackeddobbieadmin-budman-214854-deployment/amplify-cfn-templates/function/ProcessPayment-cloudformation-template.json",
        "logicalId": "functionProcessPayment"
      },
      "s3Bucket": {
        "deploymentBucketName": "amplify-smackeddobbieadmin-budman-214854-deployment",
        "s3Key": "amplify-builds/ProcessPayment-7743703772556a5a6e75-build.zip"
      }
    },
    "AddUser": {
      "build": true,
      "providerPlugin": "awscloudformation",
      "service": "Lambda",
      "output": {
        "Region": "us-east-1",
        "Arn": "arn:aws:lambda:us-east-1:396092114717:function:AddUser-budman",
        "Name": "AddUser-budman",
        "LambdaExecutionRole": "smackeddobbieadminLambdaRole32d5922c-budman"
      },
      "lastPushTimeStamp": "2022-06-24T03:09:38.005Z",
      "providerMetadata": {
        "s3TemplateURL": "https://s3.amazonaws.com/amplify-smackeddobbieadmin-budman-214854-deployment/amplify-cfn-templates/function/AddUser-cloudformation-template.json",
        "logicalId": "functionAddUser"
      },
      "s3Bucket": {
        "deploymentBucketName": "amplify-smackeddobbieadmin-budman-214854-deployment",
        "s3Key": "amplify-builds/AddUser-456a324756334b4e6e58-build.zip"
      }
    },
    "createOrder": {
      "build": true,
      "providerPlugin": "awscloudformation",
      "service": "Lambda",
      "output": {
        "Region": "us-east-1",
        "Arn": "arn:aws:lambda:us-east-1:396092114717:function:createOrder-budman",
        "Name": "createOrder-budman",
        "LambdaExecutionRole": "smackeddobbieadminLambdaRolec608871e-budman"
      },
      "lastPushTimeStamp": "2022-06-24T03:09:38.021Z",
      "providerMetadata": {
        "s3TemplateURL": "https://s3.amazonaws.com/amplify-smackeddobbieadmin-budman-214854-deployment/amplify-cfn-templates/function/createOrder-cloudformation-template.json",
        "logicalId": "functioncreateOrder"
      },
      "s3Bucket": {
        "deploymentBucketName": "amplify-smackeddobbieadmin-budman-214854-deployment",
        "s3Key": "amplify-builds/createOrder-6f4c653041536b4d4456-build.zip"
      }
    },
    "sendEmailToMe": {
      "build": true,
      "providerPlugin": "awscloudformation",
      "service": "Lambda",
      "output": {
        "Region": "us-east-1",
        "Arn": "arn:aws:lambda:us-east-1:396092114717:function:sendEmailToMe-budman",
        "Name": "sendEmailToMe-budman",
        "LambdaExecutionRole": "smackeddobbieadminLambdaRolefaa19b2c-budman"
      },
      "lastPushTimeStamp": "2022-06-24T03:09:38.103Z",
      "providerMetadata": {
        "s3TemplateURL": "https://s3.amazonaws.com/amplify-smackeddobbieadmin-budman-214854-deployment/amplify-cfn-templates/function/sendEmailToMe-cloudformation-template.json",
        "logicalId": "functionsendEmailToMe"
      },
      "s3Bucket": {
        "deploymentBucketName": "amplify-smackeddobbieadmin-budman-214854-deployment",
        "s3Key": "amplify-builds/sendEmailToMe-70455039673671563144-build.zip"
      }
    }
  },
  "storage": {
    "s3smackeddobbieadminstoraged32qiutu9hfma3": {
      "service": "S3",
      "providerPlugin": "awscloudformation",
      "dependsOn": [],
      "output": {
        "BucketName": "smackeddobbieadmin-storage-d32qiutu9hfma3214854-budman",
        "Region": "us-east-1"
      },
      "lastPushTimeStamp": "2022-06-24T03:09:43.827Z",
      "providerMetadata": {
        "s3TemplateURL": "https://s3.amazonaws.com/amplify-smackeddobbieadmin-budman-214854-deployment/amplify-cfn-templates/storage/cloudformation-template.json",
        "logicalId": "storages3smackeddobbieadminstoraged32qiutu9hfma3"
      }
    }
  }
}