{
  "auth": {
    "smackeddobbieadmin87364adf": {
      "service": "Cognito",
      "providerPlugin": "awscloudformation",
      "dependsOn": [],
      "customAuth": false,
      "frontendAuthConfig": {
        "socialProviders": [],
        "usernameAttributes": [],
        "signupAttributes": [
          "EMAIL"
        ],
        "passwordProtectionSettings": {
          "passwordPolicyMinLength": 8,
          "passwordPolicyCharacters": []
        },
        "mfaConfiguration": "OFF",
        "mfaTypes": [
          "SMS"
        ],
        "verificationMechanisms": [
          "EMAIL"
        ]
      }
    }
  },
  "api": {
    "smackeddobbieadmin": {
      "service": "AppSync",
      "providerPlugin": "awscloudformation",
      "dependsOn": [
        {
          "category": "auth",
          "resourceName": "smackeddobbieadmin87364adf",
          "attributes": [
            "UserPoolId"
          ]
        }
      ],
      "output": {
        "authConfig": {
          "defaultAuthentication": {
            "authenticationType": "API_KEY",
            "apiKeyConfig": {
              "apiKeyExpirationDays": 30,
              "description": "api key description"
            }
          },
          "additionalAuthenticationProviders": [
            {
              "authenticationType": "AWS_IAM"
            },
            {
              "authenticationType": "AMAZON_COGNITO_USER_POOLS",
              "userPoolConfig": {
                "userPoolId": "authsmackeddobbieadmin87364adf"
              }
            }
          ]
        }
      }
    }
  },
  "function": {
    "ProcessPayment": {
      "build": true,
      "providerPlugin": "awscloudformation",
      "service": "Lambda"
    },
    "AddUser": {
      "build": true,
      "providerPlugin": "awscloudformation",
      "service": "Lambda"
    },
    "createOrder": {
      "build": true,
      "providerPlugin": "awscloudformation",
      "service": "Lambda"
    },
    "sendEmailToMe": {
      "build": true,
      "providerPlugin": "awscloudformation",
      "service": "Lambda"
    }
  },
  "storage": {
    "s3smackeddobbieadminstoraged32qiutu9hfma3": {
      "service": "S3",
      "providerPlugin": "awscloudformation",
      "dependsOn": []
    }
  }
}